               epoch,      train/box_loss,      train/obj_loss,      train/cls_loss,   metrics/precision,      metrics/recall,     metrics/mAP_0.5,metrics/mAP_0.5:0.95,        val/box_loss,        val/obj_loss,        val/cls_loss,               x/lr0,               x/lr1,               x/lr2
                   0,             0.11129,            0.024388,                   0,            0.086178,             0.14966,            0.060647,             0.01485,            0.077633,            0.014044,                   0,              0.0811,              0.0021,              0.0021
                   1,             0.07799,             0.02996,                   0,              0.4428,             0.58386,             0.52437,             0.21564,            0.053395,            0.013775,                   0,            0.061215,           0.0042149,           0.0042149
                   2,            0.063198,            0.024753,                   0,              0.2691,              0.5102,             0.26567,             0.11684,            0.068272,            0.012321,                   0,            0.041243,           0.0062426,           0.0062426
                   3,            0.060345,            0.023776,                   0,             0.57228,             0.62585,             0.58905,             0.27211,            0.049521,           0.0090877,                   0,            0.021183,           0.0081832,           0.0081832
                   4,            0.056911,             0.02112,                   0,              0.5138,             0.64626,             0.57099,             0.24921,            0.053308,           0.0082268,                   0,            0.009208,            0.009208,            0.009208
                   5,            0.052012,            0.021411,                   0,             0.43083,             0.73121,             0.47089,             0.21378,            0.056876,            0.007782,                   0,            0.009208,            0.009208,            0.009208
                   6,            0.048372,            0.021127,                   0,             0.81787,             0.82313,             0.84609,             0.41878,            0.039814,           0.0074676,                   0,             0.00901,             0.00901,             0.00901
                   7,            0.045312,            0.020708,                   0,              0.7693,             0.79395,             0.81081,              0.3956,            0.037636,           0.0082169,                   0,            0.008812,            0.008812,            0.008812
                   8,            0.042067,            0.019412,                   0,              0.6955,              0.7415,             0.72535,             0.39134,            0.035408,           0.0084062,                   0,            0.008614,            0.008614,            0.008614
                   9,            0.041932,            0.020132,                   0,              0.7984,             0.80272,             0.84973,             0.36231,            0.036565,           0.0079841,                   0,            0.008416,            0.008416,            0.008416
                  10,            0.040312,            0.019047,                   0,             0.77325,             0.84354,             0.85598,             0.49851,             0.03195,           0.0075683,                   0,            0.008218,            0.008218,            0.008218
                  11,            0.038251,            0.017586,                   0,             0.69059,              0.7619,              0.7274,             0.37662,            0.034887,           0.0073579,                   0,             0.00802,             0.00802,             0.00802
                  12,            0.037776,            0.018433,                   0,             0.87199,             0.85714,             0.91198,             0.58059,            0.030615,           0.0073737,                   0,            0.007822,            0.007822,            0.007822
                  13,            0.036493,            0.018342,                   0,             0.84223,             0.87156,              0.9034,             0.60301,            0.031299,           0.0073866,                   0,            0.007624,            0.007624,            0.007624
                  14,            0.035967,            0.017399,                   0,             0.85151,             0.86395,             0.91457,              0.6063,            0.031509,           0.0072253,                   0,            0.007426,            0.007426,            0.007426
                  15,            0.034238,            0.017091,                   0,             0.84025,             0.85874,             0.87629,             0.51569,            0.032296,           0.0070961,                   0,            0.007228,            0.007228,            0.007228
                  16,            0.034137,            0.016787,                   0,             0.90506,             0.83673,             0.93519,             0.60407,            0.028268,           0.0068621,                   0,             0.00703,             0.00703,             0.00703
                  17,            0.033202,            0.017205,                   0,             0.89124,             0.83618,             0.93249,             0.62064,            0.027953,            0.006751,                   0,            0.006832,            0.006832,            0.006832
                  18,            0.031902,            0.016903,                   0,             0.86562,             0.85714,             0.90184,             0.56494,            0.032533,           0.0070731,                   0,            0.006634,            0.006634,            0.006634
                  19,            0.031353,            0.016408,                   0,             0.91625,             0.85034,              0.9242,             0.57204,            0.035473,           0.0069884,                   0,            0.006436,            0.006436,            0.006436
                  20,            0.031846,            0.016986,                   0,              0.8724,             0.85714,             0.90554,             0.58572,            0.030082,           0.0072381,                   0,            0.006238,            0.006238,            0.006238
                  21,            0.031128,            0.015494,                   0,             0.83708,             0.87385,             0.92127,              0.6311,            0.027823,           0.0067983,                   0,             0.00604,             0.00604,             0.00604
                  22,            0.030519,            0.016691,                   0,             0.83271,             0.89116,             0.90574,             0.62442,            0.027195,           0.0069539,                   0,            0.005842,            0.005842,            0.005842
                  23,            0.029995,            0.015461,                   0,             0.83245,             0.87874,             0.91786,             0.62557,            0.028602,           0.0069424,                   0,            0.005644,            0.005644,            0.005644
                  24,            0.029463,            0.016267,                   0,             0.88702,             0.85452,              0.9272,             0.65026,            0.027783,           0.0069057,                   0,            0.005446,            0.005446,            0.005446
                  25,            0.028902,            0.015204,                   0,             0.89987,             0.85714,              0.9263,             0.66936,            0.026178,           0.0067673,                   0,            0.005248,            0.005248,            0.005248
                  26,            0.028165,            0.014694,                   0,             0.90338,             0.85714,             0.93955,             0.65252,            0.026101,           0.0067391,                   0,             0.00505,             0.00505,             0.00505
                  27,             0.02753,            0.015426,                   0,             0.85147,             0.93598,             0.94047,             0.65351,            0.024324,           0.0067255,                   0,            0.004852,            0.004852,            0.004852
                  28,            0.029518,            0.015693,                   0,             0.85387,             0.91423,             0.92011,             0.61852,            0.029383,             0.00686,                   0,            0.004654,            0.004654,            0.004654
                  29,            0.026515,            0.014849,                   0,             0.90259,             0.87755,             0.94196,             0.67693,            0.025781,           0.0068388,                   0,            0.004456,            0.004456,            0.004456
                  30,            0.026038,            0.014572,                   0,              0.9265,             0.85034,             0.93667,             0.66663,             0.02595,           0.0069246,                   0,            0.004258,            0.004258,            0.004258
                  31,            0.025938,            0.014954,                   0,             0.93177,             0.87075,             0.94001,             0.65773,            0.025572,            0.006963,                   0,             0.00406,             0.00406,             0.00406
                  32,            0.025436,            0.015218,                   0,             0.88499,             0.88992,             0.93593,             0.66626,            0.024705,           0.0069139,                   0,            0.003862,            0.003862,            0.003862
                  33,            0.025405,            0.014985,                   0,             0.86628,             0.88138,              0.9294,             0.65395,            0.025841,           0.0072623,                   0,            0.003664,            0.003664,            0.003664
                  34,            0.024504,            0.013818,                   0,             0.90792,             0.88435,             0.94742,             0.66293,            0.026936,           0.0069015,                   0,            0.003466,            0.003466,            0.003466
                  35,            0.024911,            0.014294,                   0,             0.88723,             0.87075,             0.93509,             0.66117,            0.025516,           0.0069411,                   0,            0.003268,            0.003268,            0.003268
                  36,            0.025319,            0.013954,                   0,             0.90148,             0.87755,             0.93173,             0.65542,             0.02567,           0.0068701,                   0,             0.00307,             0.00307,             0.00307
                  37,            0.024365,            0.013964,                   0,             0.88995,             0.88435,             0.94143,             0.67404,            0.024264,           0.0063651,                   0,            0.002872,            0.002872,            0.002872
                  38,            0.024225,            0.014626,                   0,              0.8919,             0.89802,             0.95051,             0.66086,            0.025784,           0.0063444,                   0,            0.002674,            0.002674,            0.002674
                  39,            0.022756,            0.013051,                   0,             0.90315,              0.8881,             0.95314,             0.69141,            0.024291,           0.0063148,                   0,            0.002476,            0.002476,            0.002476
                  40,            0.024055,             0.01411,                   0,             0.91641,               0.895,             0.95492,             0.67829,            0.023803,           0.0064185,                   0,            0.002278,            0.002278,            0.002278
                  41,             0.02335,            0.013986,                   0,             0.90149,             0.89116,             0.95106,             0.67333,            0.025389,           0.0064619,                   0,             0.00208,             0.00208,             0.00208
                  42,            0.022786,             0.01462,                   0,             0.88757,             0.91296,             0.95489,             0.68831,            0.024386,           0.0062463,                   0,            0.001882,            0.001882,            0.001882
                  43,             0.02264,            0.013398,                   0,             0.87723,             0.92517,             0.95089,             0.68333,             0.02353,             0.00633,                   0,            0.001684,            0.001684,            0.001684
                  44,            0.022801,            0.013423,                   0,             0.88091,             0.90578,             0.95388,             0.67599,            0.023069,           0.0065223,                   0,            0.001486,            0.001486,            0.001486
                  45,            0.023771,            0.013595,                   0,             0.89859,             0.90418,             0.95441,             0.69438,            0.022851,           0.0063169,                   0,            0.001288,            0.001288,            0.001288
                  46,            0.021994,            0.013267,                   0,             0.89226,             0.90141,             0.95172,             0.69733,            0.023775,           0.0062954,                   0,             0.00109,             0.00109,             0.00109
                  47,            0.021113,            0.013587,                   0,             0.91137,             0.89796,             0.95437,              0.6924,            0.024046,           0.0062646,                   0,            0.000892,            0.000892,            0.000892
                  48,             0.02275,            0.014442,                   0,             0.90485,             0.90476,             0.95198,             0.69159,            0.024057,            0.006283,                   0,            0.000694,            0.000694,            0.000694
                  49,            0.020902,            0.013047,                   0,             0.93343,             0.87755,             0.94962,             0.68878,            0.023871,           0.0063323,                   0,            0.000496,            0.000496,            0.000496
